序号,发布时间,视频标题/文案,栏目类型,视频时长(秒),呈现方式(真人/数字人/球场实拍/战术板/混剪),素材来源(自拍/授权/公开素材/其他),播放量,点赞数,评论数,收藏数,转发数,完播率,平均播放时长(秒),5秒留存率,涨粉数,私信数,是否带训练/咨询/产品入口,开头2秒画面,讲解主题(投篮/控球/突破/防守/战术/青训/装备/赛事),核心观点,备注
1,,,,,,,,,,,,,,,,,,,,,
2,,,,,,,,,,,,,,,,,,,,,
3,,,,,,,,,,,,,,,,,,,,,
4,,,,,,,,,,,,,,,,,,,,,
5,,,,,,,,,,,,,,,,,,,,,
6,,,,,,,,,,,,,,,,,,,,,
7,,,,,,,,,,,,,,,,,,,,,
8,,,,,,,,,,,,,,,,,,,,,
9,,,,,,,,,,,,,,,,,,,,,
10,,,,,,,,,,,,,,,,,,,,,
11,,,,,,,,,,,,,,,,,,,,,
12,,,,,,,,,,,,,,,,,,,,,
13,,,,,,,,,,,,,,,,,,,,,
14,,,,,,,,,,,,,,,,,,,,,
15,,,,,,,,,,,,,,,,,,,,,
16,,,,,,,,,,,,,,,,,,,,,
17,,,,,,,,,,,,,,,,,,,,,
18,,,,,,,,,,,,,,,,,,,,,
19,,,,,,,,,,,,,,,,,,,,,
20,,,,,,,,,,,,,,,,,,,,,
